AFGHANISTAN,
Inbound tourism,
Arrivals - Thousands,..
Tourism expenditure in the country - US$ Mn,..
Travel - US$ Mn,..
Passenger transport - US$ Mn,..
Outbound tourism,
Departures - Thousands,..
Tourism expenditure in other countries - US$ Mn,..
Travel - US$ Mn,..
Passenger transport - US$ Mn,..
ALBANIA,
Inbound tourism,
Arrivals - Thousands,"3,256"
Arrivals - Thousands,"2,857"
Arrivals - Thousands,118
Tourism expenditure in the country - US$ Mn,"1,670"
Travel - US$ Mn,"1,473"
Passenger transport - US$ Mn,197
Outbound tourism,
Departures - Thousands,"3,928"
Tourism expenditure in other countries - US$ Mn,"1,567"
Travel - US$ Mn,"1,479"
Passenger transport - US$ Mn,88
ALGERIA,
Inbound tourism,
Arrivals - Thousands,..
Tourism expenditure in the country - US$ Mn,..
Travel - US$ Mn,..
Passenger transport - US$ Mn,..
Outbound tourism,
Departures - Thousands,..
Tourism expenditure in other countries - US$ Mn,..
Travel - US$ Mn,..
Passenger transport - US$ Mn,..
AMERICAN SAMOA,
Inbound tourism,
Arrivals - Thousands,..
Tourism expenditure in the country - US$ Mn,..
Travel - US$ Mn,..
Passenger transport - US$ Mn,..
Outbound tourism,
Departures - Thousands,..
Tourism expenditure in other countries - US$ Mn,..
Travel - US$ Mn,..
Passenger transport - US$ Mn,..
ANDORRA,
Inbound tourism,
Arrivals - Thousands,"2,335"
Tourism expenditure in the country - US$ Mn,..
Travel - US$ Mn,..
Passenger transport - US$ Mn,..
Outbound tourism,
Departures - Thousands,..
Tourism expenditure in other countries - US$ Mn,..
Travel - US$ Mn,..
Passenger transport - US$ Mn,..
ANGOLA,
Inbound tourism,
Arrivals - Thousands,650
Tourism expenditure in the country - US$ Mn,"1,241"
Travel - US$ Mn,"1,234"
Passenger transport - US$ Mn,7
Outbound tourism,
Departures - Thousands,..
Tourism expenditure in other countries - US$ Mn,319
Travel - US$ Mn,166
Passenger transport - US$ Mn,153
ANGUILLA,
Inbound tourism,
Arrivals - Thousands,69
Tourism expenditure in the country - US$ Mn,..
Travel - US$ Mn,122
Passenger transport - US$ Mn,..
Outbound tourism,
Departures - Thousands,..
Tourism expenditure in other countries - US$ Mn,..
Travel - US$ Mn,12
Passenger transport - US$ Mn,..
ANTIGUA AND BARBUDA,
Inbound tourism,
Arrivals - Thousands,244
Tourism expenditure in the country - US$ Mn,..
Travel - US$ Mn,299
Passenger transport - US$ Mn,..
Outbound tourism,
Departures - Thousands,..
Tourism expenditure in other countries - US$ Mn,..
Travel - US$ Mn,50
Passenger transport - US$ Mn,..
ARGENTINA,
Inbound tourism,
Arrivals - Thousands,"5,571"
Tourism expenditure in the country - US$ Mn,"5,054"
Travel - US$ Mn,"4,322"
Passenger transport - US$ Mn,732
Outbound tourism,
Departures - Thousands,"7,544"
Tourism expenditure in other countries - US$ Mn,"8,178"
Travel - US$ Mn,"5,580"
Passenger transport - US$ Mn,"2,598"
ARMENIA,
Inbound tourism,
Arrivals - Thousands,"1,084"
Tourism expenditure in the country - US$ Mn,475
Travel - US$ Mn,458
Passenger transport - US$ Mn,17
Outbound tourism,
Departures - Thousands,"1,083"
Tourism expenditure in other countries - US$ Mn,579
Travel - US$ Mn,502
Passenger transport - US$ Mn,77
ARUBA,
Inbound tourism,
Arrivals - Thousands,979
Tourism expenditure in the country - US$ Mn,..
Travel - US$ Mn,..
Passenger transport - US$ Mn,..
Outbound tourism,
Departures - Thousands,..
Tourism expenditure in other countries - US$ Mn,..
Travel - US$ Mn,..
Passenger transport - US$ Mn,..
AUSTRALIA,
Inbound tourism,
Arrivals - Thousands,"6,382"
Arrivals - Thousands,..
Tourism expenditure in the country - US$ Mn,"33,235"
Travel - US$ Mn,"31,000"
Passenger transport - US$ Mn,"2,235"
Outbound tourism,
Departures - Thousands,"8,768"
Tourism expenditure in other countries - US$ Mn,"33,075"
Travel - US$ Mn,"26,578"
Passenger transport - US$ Mn,"6,497"
AUSTRIA,
Inbound tourism,
Arrivals - Thousands,"24,813"
Tourism expenditure in the country - US$ Mn,"22,618"
Travel - US$ Mn,"20,090"
Passenger transport - US$ Mn,"2,528"
Outbound tourism,
Departures - Thousands,"10,671"
Tourism expenditure in other countries - US$ Mn,"12,698"
Travel - US$ Mn,"10,253"
Passenger transport - US$ Mn,"2,445"
AZERBAIJAN,
Inbound tourism,
Arrivals - Thousands,"2,509"
Arrivals - Thousands,"2,130"
Tourism expenditure in the country - US$ Mn,"2,618"
Travel - US$ Mn,"2,365"
Passenger transport - US$ Mn,253
Outbound tourism,
Departures - Thousands,"4,285"
Tourism expenditure in other countries - US$ Mn,"3,032"
Travel - US$ Mn,"2,877"
Passenger transport - US$ Mn,155
BAHAMAS,
Inbound tourism,
Arrivals - Thousands,"1,364"
Tourism expenditure in the country - US$ Mn,"2,182"
Travel - US$ Mn,"2,162"
Passenger transport - US$ Mn,20
Outbound tourism,
Departures - Thousands,..
Tourism expenditure in other countries - US$ Mn,362
Travel - US$ Mn,262
Passenger transport - US$ Mn,100
BAHRAIN,
Inbound tourism,
Arrivals - Thousands,"9,163"
Arrivals - Thousands,..
Tourism expenditure in the country - US$ Mn,..
Travel - US$ Mn,..
Passenger transport - US$ Mn,..
Outbound tourism,
Departures - Thousands,..
Tourism expenditure in other countries - US$ Mn,..
Travel - US$ Mn,..
Passenger transport - US$ Mn,..
BANGLADESH,
Inbound tourism,
Arrivals - Thousands,148
Tourism expenditure in the country - US$ Mn,130
Travel - US$ Mn,128
Passenger transport - US$ Mn,2
Outbound tourism,
Departures - Thousands,..
Tourism expenditure in other countries - US$ Mn,"1,297"
Travel - US$ Mn,347
Passenger transport - US$ Mn,950
BARBADOS,
Inbound tourism,
Arrivals - Thousands,509
Tourism expenditure in the country - US$ Mn,..
Travel - US$ Mn,..
Passenger transport - US$ Mn,..
Outbound tourism,
Departures - Thousands,..
Tourism expenditure in other countries - US$ Mn,..
Travel - US$ Mn,..
Passenger transport - US$ Mn,..
BELARUS,
Inbound tourism,
Arrivals - Thousands,137
Tourism expenditure in the country - US$ Mn,"1,086"
Travel - US$ Mn,722
Passenger transport - US$ Mn,364
Outbound tourism,
Departures - Thousands,708
Tourism expenditure in other countries - US$ Mn,"1,264"
Travel - US$ Mn,"1,080"
Passenger transport - US$ Mn,184
BELGIUM,
Inbound tourism,
Arrivals - Thousands,"7,684"
Tourism expenditure in the country - US$ Mn,"14,716"
Travel - US$ Mn,"13,524"
Passenger transport - US$ Mn,"1,192"
Outbound tourism,
Departures - Thousands,"10,818"
Tourism expenditure in other countries - US$ Mn,"23,981"
Travel - US$ Mn,"21,635"
Passenger transport - US$ Mn,"2,346"
BELIZE,
Inbound tourism,
Arrivals - Thousands,294
Tourism expenditure in the country - US$ Mn,..
Travel - US$ Mn,351
Passenger transport - US$ Mn,..
Outbound tourism,
Departures - Thousands,..
Tourism expenditure in other countries - US$ Mn,42
Travel - US$ Mn,40
Passenger transport - US$ Mn,2
BENIN,
Inbound tourism,
Arrivals - Thousands,231
Tourism expenditure in the country - US$ Mn,..
Travel - US$ Mn,..
Passenger transport - US$ Mn,..
Outbound tourism,
Departures - Thousands,..
Tourism expenditure in other countries - US$ Mn,..
Travel - US$ Mn,..
Passenger transport - US$ Mn,..
BERMUDA,
Inbound tourism,
Arrivals - Thousands,236
Tourism expenditure in the country - US$ Mn,..
Travel - US$ Mn,..
Passenger transport - US$ Mn,..
Outbound tourism,
Departures - Thousands,..
Tourism expenditure in other countries - US$ Mn,..
Travel - US$ Mn,..
Passenger transport - US$ Mn,..
BHUTAN,
Inbound tourism,
Arrivals - Thousands,116
Tourism expenditure in the country - US$ Mn,118
Travel - US$ Mn,85
Passenger transport - US$ Mn,33
Outbound tourism,
Departures - Thousands,..
Tourism expenditure in other countries - US$ Mn,67
Travel - US$ Mn,64
Passenger transport - US$ Mn,3
BOLIVIA,
Inbound tourism,
Arrivals - Thousands,798
Tourism expenditure in the country - US$ Mn,619
Travel - US$ Mn,557
Passenger transport - US$ Mn,62
Outbound tourism,
Departures - Thousands,837
Tourism expenditure in other countries - US$ Mn,713
Travel - US$ Mn,565
Passenger transport - US$ Mn,148
BONAIRE,
Inbound tourism,
Arrivals - Thousands,..
Tourism expenditure in the country - US$ Mn,..
Travel - US$ Mn,..
Passenger transport - US$ Mn,..
Outbound tourism,
Departures - Thousands,..
Tourism expenditure in other countries - US$ Mn,..
Travel - US$ Mn,..
Passenger transport - US$ Mn,..
BOSNIA AND HERZEGOVINA,
Inbound tourism,
Arrivals - Thousands,529
Tourism expenditure in the country - US$ Mn,759
Travel - US$ Mn,689
Passenger transport - US$ Mn,70
Outbound tourism,
Departures - Thousands,..
Tourism expenditure in other countries - US$ Mn,157
Travel - US$ Mn,133
Passenger transport - US$ Mn,24
BOTSWANA,
Inbound tourism,
Arrivals - Thousands,..
Tourism expenditure in the country - US$ Mn,..
Travel - US$ Mn,..
Passenger transport - US$ Mn,..
Outbound tourism,
Departures - Thousands,..
Tourism expenditure in other countries - US$ Mn,..
Travel - US$ Mn,..
Passenger transport - US$ Mn,..
BRAZIL,
Inbound tourism,
Arrivals - Thousands,"5,813"
Tourism expenditure in the country - US$ Mn,"7,021"
Travel - US$ Mn,"6,711"
Passenger transport - US$ Mn,310
Outbound tourism,
Departures - Thousands,"8,666"
Tourism expenditure in other countries - US$ Mn,"29,361"
Travel - US$ Mn,"25,103"
Passenger transport - US$ Mn,"4,258"
BRITISH VIRGIN ISLANDS,
Inbound tourism,
Arrivals - Thousands,366
Tourism expenditure in the country - US$ Mn,421
Travel - US$ Mn,..
Passenger transport - US$ Mn,..
Outbound tourism,
Departures - Thousands,..
Tourism expenditure in other countries - US$ Mn,..
Travel - US$ Mn,..
Passenger transport - US$ Mn,..
BRUNEI DARUSSALAM,
Inbound tourism,
Arrivals - Thousands,"3,279"
Arrivals - Thousands,225
Tourism expenditure in the country - US$ Mn,..
Travel - US$ Mn,..
Passenger transport - US$ Mn,..
Outbound tourism,
Departures - Thousands,..
Tourism expenditure in other countries - US$ Mn,..
Travel - US$ Mn,..
Passenger transport - US$ Mn,..
BULGARIA,
Inbound tourism,
Arrivals - Thousands,"6,898"
Tourism expenditure in the country - US$ Mn,"4,632"
Travel - US$ Mn,"4,051"
Passenger transport - US$ Mn,581
Outbound tourism,
Departures - Thousands,"3,930"
Tourism expenditure in other countries - US$ Mn,"1,755"
Travel - US$ Mn,"1,525"
Passenger transport - US$ Mn,230
BURKINA FASO,
Inbound tourism,
Arrivals - Thousands,218
Tourism expenditure in the country - US$ Mn,..
Travel - US$ Mn,..
Passenger transport - US$ Mn,..
Outbound tourism,
Departures - Thousands,..
Tourism expenditure in other countries - US$ Mn,..
Travel - US$ Mn,..
Passenger transport - US$ Mn,..
BURUNDI,
Inbound tourism,
Arrivals - Thousands,..
Tourism expenditure in the country - US$ Mn,..
Travel - US$ Mn,..
Passenger transport - US$ Mn,..
Outbound tourism,
Departures - Thousands,..
Tourism expenditure in other countries - US$ Mn,..
Travel - US$ Mn,..
Passenger transport - US$ Mn,..
CABO VERDE,
Inbound tourism,
Arrivals - Thousands,503
Tourism expenditure in the country - US$ Mn,512
Travel - US$ Mn,463
Passenger transport - US$ Mn,49
Outbound tourism,
Departures - Thousands,..
Tourism expenditure in other countries - US$ Mn,126
Travel - US$ Mn,119
Passenger transport - US$ Mn,7
CAMBODIA,
Inbound tourism,
Arrivals - Thousands,"4,210"
Tourism expenditure in the country - US$ Mn,"2,895"
Travel - US$ Mn,"2,660"
Passenger transport - US$ Mn,235
Outbound tourism,
Departures - Thousands,872
Tourism expenditure in other countries - US$ Mn,469
Travel - US$ Mn,355
Passenger transport - US$ Mn,114
CAMEROON,
Inbound tourism,
Arrivals - Thousands,912
Arrivals - Thousands,
Tourism expenditure in the country - US$ Mn,..
Travel - US$ Mn,..
Passenger transport - US$ Mn,..
Outbound tourism,
Departures - Thousands,..
Tourism expenditure in other countries - US$ Mn,..
Travel - US$ Mn,..
Passenger transport - US$ Mn,..
CANADA,
Inbound tourism,
Arrivals - Thousands,"16,590"
Tourism expenditure in the country - US$ Mn,..
Travel - US$ Mn,"17,656"
Passenger transport - US$ Mn,..
Outbound tourism,
Departures - Thousands,"32,977"
Tourism expenditure in other countries - US$ Mn,..
Travel - US$ Mn,"35,170"
Passenger transport - US$ Mn,..
CAYMAN ISLANDS,
Inbound tourism,
Arrivals - Thousands,345
Tourism expenditure in the country - US$ Mn,..
Travel - US$ Mn,..
Passenger transport - US$ Mn,..
Outbound tourism,
Departures - Thousands,..
Tourism expenditure in other countries - US$ Mn,..
Travel - US$ Mn,..
Passenger transport - US$ Mn,..
CENTRAL AFRICAN REPUBLIC,
Inbound tourism,
Arrivals - Thousands,..
Tourism expenditure in the country - US$ Mn,..
Travel - US$ Mn,..
Passenger transport - US$ Mn,..
Outbound tourism,
Departures - Thousands,..
Tourism expenditure in other countries - US$ Mn,..
Travel - US$ Mn,..
Passenger transport - US$ Mn,..
CHAD,
Inbound tourism,
Arrivals - Thousands,100
Arrivals - Thousands,32
Tourism expenditure in the country - US$ Mn,..
Travel - US$ Mn,..
Passenger transport - US$ Mn,..
Outbound tourism,
Departures - Thousands,86
Tourism expenditure in other countries - US$ Mn,..
Travel - US$ Mn,..
Passenger transport - US$ Mn,..
CHILE,
Inbound tourism,
Arrivals - Thousands,"3,576"
Tourism expenditure in the country - US$ Mn,"3,182"
Travel - US$ Mn,"2,219"
Passenger transport - US$ Mn,963
Outbound tourism,
Departures - Thousands,"2,999"
Tourism expenditure in other countries - US$ Mn,"2,476"
Travel - US$ Mn,"1,908"
Passenger transport - US$ Mn,568
CHINA,
Inbound tourism,
Arrivals - Thousands,"55,686"
Tourism expenditure in the country - US$ Mn,"56,401"
Travel - US$ Mn,"51,664"
Passenger transport - US$ Mn,"4,737"
Outbound tourism,
Departures - Thousands,"98,185"
Tourism expenditure in other countries - US$ Mn,"138,298"
Travel - US$ Mn,"128,576"
Passenger transport - US$ Mn,"9,722"
COLOMBIA,
Inbound tourism,
Arrivals - Thousands,"2,595"
Arrivals - Thousands,"2,288"
Tourism expenditure in the country - US$ Mn,"3,639"
Travel - US$ Mn,"2,491"
Passenger transport - US$ Mn,"1,148"
Outbound tourism,
Departures - Thousands,"3,605"
Tourism expenditure in other countries - US$ Mn,"3,536"
Travel - US$ Mn,"2,992"
Passenger transport - US$ Mn,544
COMOROS,
Inbound tourism,
Arrivals - Thousands,..
Tourism expenditure in the country - US$ Mn,..
Travel - US$ Mn,..
Passenger transport - US$ Mn,..
Outbound tourism,
Departures - Thousands,..
Tourism expenditure in other countries - US$ Mn,..
Travel - US$ Mn,..
Passenger transport - US$ Mn,..
CONGO,
Inbound tourism,
Arrivals - Thousands,305
Arrivals - Thousands,297
Tourism expenditure in the country - US$ Mn,..
Travel - US$ Mn,..
Passenger transport - US$ Mn,..
Outbound tourism,
Departures - Thousands,180
Tourism expenditure in other countries - US$ Mn,..
Travel - US$ Mn,..
Passenger transport - US$ Mn,..
COOK ISLANDS,
Inbound tourism,
Arrivals - Thousands,121
Tourism expenditure in the country - US$ Mn,..
Travel - US$ Mn,..
Passenger transport - US$ Mn,..
Outbound tourism,
Departures - Thousands,12
Tourism expenditure in other countries - US$ Mn,..
Travel - US$ Mn,..
Passenger transport - US$ Mn,..
COSTA RICA,
Inbound tourism,
Arrivals - Thousands,"2,428"
Tourism expenditure in the country - US$ Mn,"2,829"
Travel - US$ Mn,"2,586"
Passenger transport - US$ Mn,243
Outbound tourism,
Departures - Thousands,790
Tourism expenditure in other countries - US$ Mn,571
Travel - US$ Mn,450
Passenger transport - US$ Mn,121
COTE D'IVOIRE,
Inbound tourism,
Arrivals - Thousands,..
Arrivals - Thousands,..
Tourism expenditure in the country - US$ Mn,..
Travel - US$ Mn,..
Passenger transport - US$ Mn,..
Outbound tourism,
Departures - Thousands,..
Tourism expenditure in other countries - US$ Mn,..
Travel - US$ Mn,..
Passenger transport - US$ Mn,..
CROATIA,
Inbound tourism,
Arrivals - Thousands,"10,955"
Tourism expenditure in the country - US$ Mn,"9,721"
Travel - US$ Mn,"9,518"
Passenger transport - US$ Mn,203
Outbound tourism,
Departures - Thousands,"2,927"
Tourism expenditure in other countries - US$ Mn,922
Travel - US$ Mn,903
Passenger transport - US$ Mn,19
CUBA,
Inbound tourism,
Arrivals - Thousands,"2,829"
Tourism expenditure in the country - US$ Mn,"2,627"
Travel - US$ Mn,"2,344"
Passenger transport - US$ Mn,283
Outbound tourism,
Departures - Thousands,287
Tourism expenditure in other countries - US$ Mn,..
Travel - US$ Mn,..
Passenger transport - US$ Mn,..
CURAÃ‡AO,
Inbound tourism,
Arrivals - Thousands,441
Tourism expenditure in the country - US$ Mn,778
Travel - US$ Mn,583
Passenger transport - US$ Mn,195
Outbound tourism,
Departures - Thousands,..
Tourism expenditure in other countries - US$ Mn,374
Travel - US$ Mn,296
Passenger transport - US$ Mn,78
CYPRUS,
Inbound tourism,
Arrivals - Thousands,"2,405"
Tourism expenditure in the country - US$ Mn,"3,005"
Travel - US$ Mn,"2,891"
Passenger transport - US$ Mn,114
Outbound tourism,
Departures - Thousands,..
Tourism expenditure in other countries - US$ Mn,"1,604"
Travel - US$ Mn,"1,220"
Passenger transport - US$ Mn,384
CZECH REPUBLIC,
Inbound tourism,
Arrivals - Thousands,"9,004"
Arrivals - Thousands,"7,852"
Tourism expenditure in the country - US$ Mn,"7,802"
Travel - US$ Mn,"7,048"
Passenger transport - US$ Mn,754
Outbound tourism,
Departures - Thousands,"5,304"
Tourism expenditure in other countries - US$ Mn,"4,655"
Travel - US$ Mn,"4,594"
Passenger transport - US$ Mn,61
DEMOCRATIC REPUBLIC OF THE CONGO,
Inbound tourism,
Arrivals - Thousands,191
Tourism expenditure in the country - US$ Mn,..
Travel - US$ Mn,..
Passenger transport - US$ Mn,..
Outbound tourism,
Departures - Thousands,..
Tourism expenditure in other countries - US$ Mn,..
Travel - US$ Mn,..
Passenger transport - US$ Mn,..
DENMARK,
Inbound tourism,
Arrivals - Thousands,"8,557"
Tourism expenditure in the country - US$ Mn,..
Travel - US$ Mn,"6,396"
Passenger transport - US$ Mn,..
Outbound tourism,
Departures - Thousands,"6,977"
Tourism expenditure in other countries - US$ Mn,..
Travel - US$ Mn,"10,131"
Passenger transport - US$ Mn,..
DJIBOUTI,
Inbound tourism,
Arrivals - Thousands,63
Tourism expenditure in the country - US$ Mn,..
Travel - US$ Mn,21.6
Passenger transport - US$ Mn,..
Outbound tourism,
Departures - Thousands,..
Tourism expenditure in other countries - US$ Mn,..
Travel - US$ Mn,19.2
Passenger transport - US$ Mn,..
DOMINICA,
Inbound tourism,
Arrivals - Thousands,78
Tourism expenditure in the country - US$ Mn,..
Travel - US$ Mn,82
Passenger transport - US$ Mn,..
Outbound tourism,
Departures - Thousands,..
Tourism expenditure in other countries - US$ Mn,..
Travel - US$ Mn,13
Passenger transport - US$ Mn,..
DOMINICAN REPUBLIC,
Inbound tourism,
Arrivals - Thousands,"4,690"
Tourism expenditure in the country - US$ Mn,..
Travel - US$ Mn,"5,065"
Passenger transport - US$ Mn,..
Outbound tourism,
Departures - Thousands,436
Tourism expenditure in other countries - US$ Mn,712
Travel - US$ Mn,378
Passenger transport - US$ Mn,334
ECUADOR,
Inbound tourism,
Arrivals - Thousands,"1,364"
Tourism expenditure in the country - US$ Mn,"1,251"
Travel - US$ Mn,"1,246"
Passenger transport - US$ Mn,5
Outbound tourism,
Departures - Thousands,"1,138"
Tourism expenditure in other countries - US$ Mn,987
Travel - US$ Mn,621
Passenger transport - US$ Mn,366
EGYPT,
Inbound tourism,
Arrivals - Thousands,"9,174"
Tourism expenditure in the country - US$ Mn,"7,253"
Travel - US$ Mn,"6,044"
Passenger transport - US$ Mn,"1,209"
Outbound tourism,
Departures - Thousands,"5,782"
Tourism expenditure in other countries - US$ Mn,"3,466"
Travel - US$ Mn,"3,014"
Passenger transport - US$ Mn,452
EL SALVADOR,
Inbound tourism,
Arrivals - Thousands,"1,283"
Tourism expenditure in the country - US$ Mn,"1,054"
Travel - US$ Mn,621
Passenger transport - US$ Mn,433
Outbound tourism,
Departures - Thousands,..
Tourism expenditure in other countries - US$ Mn,270
Travel - US$ Mn,242
Passenger transport - US$ Mn,28
EQUATORIAL GUINEA,
Inbound tourism,
Arrivals - Thousands,..
Tourism expenditure in the country - US$ Mn,..
Travel - US$ Mn,..
Passenger transport - US$ Mn,..
Outbound tourism,
Departures - Thousands,..
Tourism expenditure in other countries - US$ Mn,..
Travel - US$ Mn,..
Passenger transport - US$ Mn,..
ERITREA,
Inbound tourism,
Arrivals - Thousands,..
Tourism expenditure in the country - US$ Mn,..
Travel - US$ Mn,..
Passenger transport - US$ Mn,..
Outbound tourism,
Departures - Thousands,..
Tourism expenditure in other countries - US$ Mn,..
Travel - US$ Mn,..
Passenger transport - US$ Mn,..
ESTONIA,
Inbound tourism,
Arrivals - Thousands,"2,868"
Tourism expenditure in the country - US$ Mn,"1,785"
Travel - US$ Mn,"1,390"
Passenger transport - US$ Mn,395
Outbound tourism,
Departures - Thousands,"1,166"
Tourism expenditure in other countries - US$ Mn,"1,110"
Travel - US$ Mn,934
Passenger transport - US$ Mn,176
ETHIOPIA,
Inbound tourism,
Arrivals - Thousands,681
Tourism expenditure in the country - US$ Mn,..
Travel - US$ Mn,..
Passenger transport - US$ Mn,..
Outbound tourism,
Departures - Thousands,..
Tourism expenditure in other countries - US$ Mn,..
Travel - US$ Mn,..
Passenger transport - US$ Mn,..
FIJI,
Inbound tourism,
Arrivals - Thousands,658
Tourism expenditure in the country - US$ Mn,970
Travel - US$ Mn,721
Passenger transport - US$ Mn,249
Outbound tourism,
Departures - Thousands,..
Tourism expenditure in other countries - US$ Mn,113
Travel - US$ Mn,99
Passenger transport - US$ Mn,14
FINLAND,
Inbound tourism,
Arrivals - Thousands,..
Arrivals - Thousands,"2,797"
Tourism expenditure in the country - US$ Mn,"5,741"
Travel - US$ Mn,"4,039"
Passenger transport - US$ Mn,"1,702"
Outbound tourism,
Departures - Thousands,"8,562"
Tourism expenditure in other countries - US$ Mn,"6,357"
Travel - US$ Mn,"5,292"
Passenger transport - US$ Mn,"1,065"
FRANCE,
Inbound tourism,
Arrivals - Thousands,"84,726"
Tourism expenditure in the country - US$ Mn,"66,064"
Travel - US$ Mn,"56,557"
Passenger transport - US$ Mn,"9,507"
Outbound tourism,
Departures - Thousands,"26,243"
Tourism expenditure in other countries - US$ Mn,"53,157"
Travel - US$ Mn,"42,870"
Passenger transport - US$ Mn,"10,287"
FRENCH GUIANA,
Inbound tourism,
Arrivals - Thousands,..
Tourism expenditure in the country - US$ Mn,..
Travel - US$ Mn,..
Passenger transport - US$ Mn,..
Outbound tourism,
Departures - Thousands,..
Tourism expenditure in other countries - US$ Mn,..
Travel - US$ Mn,..
Passenger transport - US$ Mn,..
FRENCH POLYNESIA,
Inbound tourism,
Arrivals - Thousands,164
Tourism expenditure in the country - US$ Mn,..
Travel - US$ Mn,..
Passenger transport - US$ Mn,..
Outbound tourism,
Departures - Thousands,80
Tourism expenditure in other countries - US$ Mn,..
Travel - US$ Mn,..
Passenger transport - US$ Mn,..
GABON,
Inbound tourism,
Arrivals - Thousands,..
Tourism expenditure in the country - US$ Mn,..
Travel - US$ Mn,..
Passenger transport - US$ Mn,..
Outbound tourism,
Departures - Thousands,..
Tourism expenditure in other countries - US$ Mn,..
Travel - US$ Mn,..
Passenger transport - US$ Mn,..
GAMBIA,
Inbound tourism,
Arrivals - Thousands,171
Tourism expenditure in the country - US$ Mn,..
Travel - US$ Mn,..
Passenger transport - US$ Mn,..
Outbound tourism,
Departures - Thousands,..
Tourism expenditure in other countries - US$ Mn,..
Travel - US$ Mn,..
Passenger transport - US$ Mn,..
GEORGIA,
Inbound tourism,
Arrivals - Thousands,"5,392"
Arrivals - Thousands,"2,065"
Tourism expenditure in the country - US$ Mn,"1,916"
Travel - US$ Mn,"1,720"
Passenger transport - US$ Mn,196
Outbound tourism,
Departures - Thousands,"3,220"
Tourism expenditure in other countries - US$ Mn,537
Travel - US$ Mn,294
Passenger transport - US$ Mn,243
GERMANY,
Inbound tourism,
Arrivals - Thousands,"31,545"
Tourism expenditure in the country - US$ Mn,"55,173"
Travel - US$ Mn,"41,217"
Passenger transport - US$ Mn,"13,956"
Outbound tourism,
Departures - Thousands,..
Tourism expenditure in other countries - US$ Mn,"99,754"
Travel - US$ Mn,"85,806"
Passenger transport - US$ Mn,"13,948"
GHANA,
Inbound tourism,
Arrivals - Thousands,..
Tourism expenditure in the country - US$ Mn,..
Travel - US$ Mn,..
Passenger transport - US$ Mn,..
Outbound tourism,
Departures - Thousands,..
Tourism expenditure in other countries - US$ Mn,..
Travel - US$ Mn,..
Passenger transport - US$ Mn,..
GREECE,
Inbound tourism,
Arrivals - Thousands,"17,920"
Tourism expenditure in the country - US$ Mn,"16,137"
Travel - US$ Mn,"16,036"
Passenger transport - US$ Mn,101
Outbound tourism,
Departures - Thousands,"4,594"
Tourism expenditure in other countries - US$ Mn,"2,486"
Travel - US$ Mn,"2,435"
Passenger transport - US$ Mn,51
GRENADA,
Inbound tourism,
Arrivals - Thousands,116
Tourism expenditure in the country - US$ Mn,..
Travel - US$ Mn,120
Passenger transport - US$ Mn,..
Outbound tourism,
Departures - Thousands,..
Tourism expenditure in other countries - US$ Mn,..
Travel - US$ Mn,11
Passenger transport - US$ Mn,..
GUADELOUPE,
Inbound tourism,
Arrivals - Thousands,487
Tourism expenditure in the country - US$ Mn,671
Travel - US$ Mn,..
Passenger transport - US$ Mn,..
Outbound tourism,
Departures - Thousands,..
Tourism expenditure in other countries - US$ Mn,..
Travel - US$ Mn,..
Passenger transport - US$ Mn,..
GUAM,
Inbound tourism,
Arrivals - Thousands,"1,334"
Tourism expenditure in the country - US$ Mn,..
Travel - US$ Mn,..
Passenger transport - US$ Mn,..
Outbound tourism,
Departures - Thousands,..
Tourism expenditure in other countries - US$ Mn,..
Travel - US$ Mn,..
Passenger transport - US$ Mn,..
GUATEMALA,
Inbound tourism,
Arrivals - Thousands,"2,000"
Arrivals - Thousands,"1,331"
Tourism expenditure in the country - US$ Mn,..
Travel - US$ Mn,"1,479"
Passenger transport - US$ Mn,..
Outbound tourism,
Departures - Thousands,"1,171"
Tourism expenditure in other countries - US$ Mn,950
Travel - US$ Mn,723
Passenger transport - US$ Mn,227
GUINEA,
Inbound tourism,
Arrivals - Thousands,56
Tourism expenditure in the country - US$ Mn,..
Travel - US$ Mn,..
Passenger transport - US$ Mn,..
Outbound tourism,
Departures - Thousands,..
Tourism expenditure in other countries - US$ Mn,..
Travel - US$ Mn,..
Passenger transport - US$ Mn,..
GUINEA-BISSAU,
Inbound tourism,
Arrivals - Thousands,..
Tourism expenditure in the country - US$ Mn,..
Travel - US$ Mn,..
Passenger transport - US$ Mn,..
Outbound tourism,
Departures - Thousands,..
Tourism expenditure in other countries - US$ Mn,..
Travel - US$ Mn,..
Passenger transport - US$ Mn,..
GUYANA,
Inbound tourism,
Arrivals - Thousands,..
Tourism expenditure in the country - US$ Mn,..
Travel - US$ Mn,77
Passenger transport - US$ Mn,..
Outbound tourism,
Departures - Thousands,..
Tourism expenditure in other countries - US$ Mn,..
Travel - US$ Mn,81
Passenger transport - US$ Mn,..
HAITI,
Inbound tourism,
Arrivals - Thousands,..
Tourism expenditure in the country - US$ Mn,..
Travel - US$ Mn,568
Passenger transport - US$ Mn,..
Outbound tourism,
Departures - Thousands,..
Tourism expenditure in other countries - US$ Mn,419
Travel - US$ Mn,62
Passenger transport - US$ Mn,357
HONDURAS,
Inbound tourism,
Arrivals - Thousands,863
Tourism expenditure in the country - US$ Mn,708
Travel - US$ Mn,698
Passenger transport - US$ Mn,10.1
Outbound tourism,
Departures - Thousands,471
Tourism expenditure in other countries - US$ Mn,504
Travel - US$ Mn,403
Passenger transport - US$ Mn,101
"HONG KONG, CHINA",
Inbound tourism,
Arrivals - Thousands,"54,299"
Arrivals - Thousands,"25,661"
Tourism expenditure in the country - US$ Mn,"42,570"
Travel - US$ Mn,"36,109"
Passenger transport - US$ Mn,"6,461"
Outbound tourism,
Departures - Thousands,"84,414"
Tourism expenditure in other countries - US$ Mn,..
Travel - US$ Mn,"21,215"
Passenger transport - US$ Mn,..
HUNGARY,
Inbound tourism,
Arrivals - Thousands,"10,675"
Arrivals - Thousands,"4,388"
Tourism expenditure in the country - US$ Mn,"6,407"
Travel - US$ Mn,"5,103"
Passenger transport - US$ Mn,"1,304"
Outbound tourism,
Departures - Thousands,"15,997"
Tourism expenditure in other countries - US$ Mn,"2,558"
Travel - US$ Mn,"1,942"
Passenger transport - US$ Mn,616
ICELAND,
Inbound tourism,
Arrivals - Thousands,800
Arrivals - Thousands,"1,918"
Tourism expenditure in the country - US$ Mn,..
Travel - US$ Mn,"1,059"
Passenger transport - US$ Mn,..
Outbound tourism,
Departures - Thousands,365
Tourism expenditure in other countries - US$ Mn,..
Travel - US$ Mn,846
Passenger transport - US$ Mn,..
INDIA,
Inbound tourism,
Arrivals - Thousands,"6,968"
Tourism expenditure in the country - US$ Mn,"19,042"
Travel - US$ Mn,"18,397"
Passenger transport - US$ Mn,645
Outbound tourism,
Departures - Thousands,"16,626"
Tourism expenditure in other countries - US$ Mn,"13,840"
Travel - US$ Mn,"11,571"
Passenger transport - US$ Mn,"2,269"
INDONESIA,
Inbound tourism,
Arrivals - Thousands,"8,802"
Tourism expenditure in the country - US$ Mn,"10,520"
Travel - US$ Mn,"9,337"
Passenger transport - US$ Mn,"1,183"
Outbound tourism,
Departures - Thousands,"7,973"
Tourism expenditure in other countries - US$ Mn,"9,917"
Travel - US$ Mn,"7,312"
Passenger transport - US$ Mn,"2,605"
"IRAN, ISLAMIC REPUBLIC OF",
Inbound tourism,
Arrivals - Thousands,"4,769"
Tourism expenditure in the country - US$ Mn,..
Travel - US$ Mn,..
Passenger transport - US$ Mn,..
Outbound tourism,
Departures - Thousands,..
Tourism expenditure in other countries - US$ Mn,..
Travel - US$ Mn,..
Passenger transport - US$ Mn,..
IRAQ,
Inbound tourism,
Arrivals - Thousands,892
Tourism expenditure in the country - US$ Mn,..
Travel - US$ Mn,..
Passenger transport - US$ Mn,..
Outbound tourism,
Departures - Thousands,..
Tourism expenditure in other countries - US$ Mn,..
Travel - US$ Mn,..
Passenger transport - US$ Mn,..
IRELAND,
Inbound tourism,
Arrivals - Thousands,"8,260"
Tourism expenditure in the country - US$ Mn,"9,538"
Travel - US$ Mn,"4,426"
Passenger transport - US$ Mn,"5,112"
Outbound tourism,
Departures - Thousands,"6,579"
Tourism expenditure in other countries - US$ Mn,"6,222"
Travel - US$ Mn,"6,112"
Passenger transport - US$ Mn,110
ISRAEL,
Inbound tourism,
Arrivals - Thousands,"2,962"
Tourism expenditure in the country - US$ Mn,"6,452"
Travel - US$ Mn,"5,666"
Passenger transport - US$ Mn,786
Outbound tourism,
Departures - Thousands,"4,757"
Tourism expenditure in other countries - US$ Mn,"5,176"
Travel - US$ Mn,"3,961"
Passenger transport - US$ Mn,"1,215"
ITALY,
Inbound tourism,
Arrivals - Thousands,"47,704"
Tourism expenditure in the country - US$ Mn,"46,190"
Travel - US$ Mn,"43,835"
Passenger transport - US$ Mn,"2,355"
Outbound tourism,
Departures - Thousands,"27,798"
Tourism expenditure in other countries - US$ Mn,"33,504"
Travel - US$ Mn,"26,947"
Passenger transport - US$ Mn,"6,557"
JAMAICA,
Inbound tourism,
Arrivals - Thousands,"2,008"
Tourism expenditure in the country - US$ Mn,..
Travel - US$ Mn,"2,074"
Passenger transport - US$ Mn,..
Outbound tourism,
Departures - Thousands,..
Tourism expenditure in other countries - US$ Mn,380
Travel - US$ Mn,171
Passenger transport - US$ Mn,209
JAPAN,
Inbound tourism,
Arrivals - Thousands,"10,364"
Tourism expenditure in the country - US$ Mn,"16,865"
Travel - US$ Mn,"15,093"
Passenger transport - US$ Mn,"1,772"
Outbound tourism,
Departures - Thousands,"17,473"
Tourism expenditure in other countries - US$ Mn,"32,244"
Travel - US$ Mn,"21,861"
Passenger transport - US$ Mn,"10,383"
JORDAN,
Inbound tourism,
Arrivals - Thousands,"3,945"
Tourism expenditure in the country - US$ Mn,"5,145"
Travel - US$ Mn,"4,117"
Passenger transport - US$ Mn,"1,028"
Outbound tourism,
Departures - Thousands,"1,498"
Tourism expenditure in other countries - US$ Mn,"1,192"
Travel - US$ Mn,"1,082"
Passenger transport - US$ Mn,110
KAZAKHSTAN,
Inbound tourism,
Arrivals - Thousands,"4,926"
Tourism expenditure in the country - US$ Mn,"1,717"
Travel - US$ Mn,"1,460"
Passenger transport - US$ Mn,257
Outbound tourism,
Departures - Thousands,"10,144"
Tourism expenditure in other countries - US$ Mn,"2,033"
Travel - US$ Mn,"1,729"
Passenger transport - US$ Mn,304
KENYA,
Inbound tourism,
Arrivals - Thousands,"1,434"
Tourism expenditure in the country - US$ Mn,..
Travel - US$ Mn,..
Passenger transport - US$ Mn,..
Outbound tourism,
Departures - Thousands,..
Tourism expenditure in other countries - US$ Mn,..
Travel - US$ Mn,..
Passenger transport - US$ Mn,..
KIRIBATI,
Inbound tourism,
Arrivals - Thousands,5.9
Tourism expenditure in the country - US$ Mn,..
Travel - US$ Mn,..
Passenger transport - US$ Mn,..
Outbound tourism,
Departures - Thousands,..
Tourism expenditure in other countries - US$ Mn,..
Travel - US$ Mn,..
Passenger transport - US$ Mn,..
"KOREA, REPUBLIC OF",
Inbound tourism,
Arrivals - Thousands,"12,176"
Tourism expenditure in the country - US$ Mn,"19,287"
Travel - US$ Mn,"14,272"
Passenger transport - US$ Mn,"5,015"
Outbound tourism,
Departures - Thousands,"14,846"
Tourism expenditure in other countries - US$ Mn,"24,006"
Travel - US$ Mn,"21,676"
Passenger transport - US$ Mn,"2,330"
KUWAIT,
Inbound tourism,
Arrivals - Thousands,"6,217"
Arrivals - Thousands,307
Tourism expenditure in the country - US$ Mn,601
Travel - US$ Mn,297
Passenger transport - US$ Mn,304
Outbound tourism,
Departures - Thousands,..
Tourism expenditure in other countries - US$ Mn,"12,468"
Travel - US$ Mn,"11,554"
Passenger transport - US$ Mn,914
KYRGYZSTAN,
Inbound tourism,
Arrivals - Thousands,"3,076"
Arrivals - Thousands,..
Tourism expenditure in the country - US$ Mn,585
Travel - US$ Mn,530
Passenger transport - US$ Mn,55
Outbound tourism,
Departures - Thousands,"1,401"
Tourism expenditure in other countries - US$ Mn,505
Travel - US$ Mn,350
Passenger transport - US$ Mn,155
LAO PEOPLE'S DEMOCRATIC REPUBLIC,
Inbound tourism,
Arrivals - Thousands,"2,510"
Tourism expenditure in the country - US$ Mn,..
Travel - US$ Mn,..
Passenger transport - US$ Mn,..
Outbound tourism,
Departures - Thousands,..
Tourism expenditure in other countries - US$ Mn,..
Travel - US$ Mn,..
Passenger transport - US$ Mn,..
LATVIA,
Inbound tourism,
Arrivals - Thousands,"1,536"
Tourism expenditure in the country - US$ Mn,"1,191"
Travel - US$ Mn,865
Passenger transport - US$ Mn,326
Outbound tourism,
Departures - Thousands,..
Tourism expenditure in other countries - US$ Mn,900
Travel - US$ Mn,716
Passenger transport - US$ Mn,184
LEBANON,
Inbound tourism,
Arrivals - Thousands,"1,274"
Tourism expenditure in the country - US$ Mn,..
Travel - US$ Mn,..
Passenger transport - US$ Mn,..
Outbound tourism,
Departures - Thousands,..
Tourism expenditure in other countries - US$ Mn,..
Travel - US$ Mn,..
Passenger transport - US$ Mn,..
LESOTHO,
Inbound tourism,
Arrivals - Thousands,433
Arrivals - Thousands,320
Tourism expenditure in the country - US$ Mn,..
Travel - US$ Mn,..
Passenger transport - US$ Mn,..
Outbound tourism,
Departures - Thousands,..
Tourism expenditure in other countries - US$ Mn,..
Travel - US$ Mn,..
Passenger transport - US$ Mn,..
LIBERIA,
Inbound tourism,
Arrivals - Thousands,..
Tourism expenditure in the country - US$ Mn,..
Travel - US$ Mn,..
Passenger transport - US$ Mn,..
Outbound tourism,
Departures - Thousands,..
Tourism expenditure in other countries - US$ Mn,..
Travel - US$ Mn,..
Passenger transport - US$ Mn,..
LIBYA,
Inbound tourism,
Arrivals - Thousands,..
Arrivals - Thousands,
Tourism expenditure in the country - US$ Mn,..
Travel - US$ Mn,..
Passenger transport - US$ Mn,..
Outbound tourism,
Departures - Thousands,..
Tourism expenditure in other countries - US$ Mn,..
Travel - US$ Mn,..
Passenger transport - US$ Mn,..
LIECHTENSTEN,
Inbound tourism,
Arrivals - Thousands,60
Arrivals - Thousands,52
Tourism expenditure in the country - US$ Mn,..
Travel - US$ Mn,..
Passenger transport - US$ Mn,..
Outbound tourism,
Departures - Thousands,..
Tourism expenditure in other countries - US$ Mn,..
Travel - US$ Mn,..
Passenger transport - US$ Mn,..
LITHUANIA,
Inbound tourism,
Arrivals - Thousands,"2,012"
Tourism expenditure in the country - US$ Mn,"1,595"
Travel - US$ Mn,"1,467"
Passenger transport - US$ Mn,128
Outbound tourism,
Departures - Thousands,"1,764"
Tourism expenditure in other countries - US$ Mn,"1,149"
Travel - US$ Mn,967
Passenger transport - US$ Mn,182
LUXEMBOURG,
Inbound tourism,
Arrivals - Thousands,945
Tourism expenditure in the country - US$ Mn,..
Travel - US$ Mn,"4,822"
Passenger transport - US$ Mn,..
Outbound tourism,
Departures - Thousands,..
Tourism expenditure in other countries - US$ Mn,..
Travel - US$ Mn,"3,817"
Passenger transport - US$ Mn,..
"MACAO, CHINA",
Inbound tourism,
Arrivals - Thousands,"14,268"
Tourism expenditure in the country - US$ Mn,..
Travel - US$ Mn,..
Passenger transport - US$ Mn,..
Outbound tourism,
Departures - Thousands,"1,446"
Tourism expenditure in other countries - US$ Mn,..
Travel - US$ Mn,..
Passenger transport - US$ Mn,..
MADAGASCAR,
Inbound tourism,
Arrivals - Thousands,196
Tourism expenditure in the country - US$ Mn,..
Travel - US$ Mn,..
Passenger transport - US$ Mn,..
Outbound tourism,
Departures - Thousands,..
Tourism expenditure in other countries - US$ Mn,..
Travel - US$ Mn,..
Passenger transport - US$ Mn,..
MALAWI,
Inbound tourism,
Arrivals - Thousands,..
Tourism expenditure in the country - US$ Mn,..
Travel - US$ Mn,..
Passenger transport - US$ Mn,..
Outbound tourism,
Departures - Thousands,..
Tourism expenditure in other countries - US$ Mn,..
Travel - US$ Mn,..
Passenger transport - US$ Mn,..
MALAYSIA,
Inbound tourism,
Arrivals - Thousands,"25,715"
Tourism expenditure in the country - US$ Mn,..
Travel - US$ Mn,"21,026"
Passenger transport - US$ Mn,..
Outbound tourism,
Departures - Thousands,..
Tourism expenditure in other countries - US$ Mn,..
Travel - US$ Mn,"11,950"
Passenger transport - US$ Mn,..
MALDIVES,
Inbound tourism,
Arrivals - Thousands,"1,125"
Tourism expenditure in the country - US$ Mn,..
Travel - US$ Mn,..
Passenger transport - US$ Mn,..
Outbound tourism,
Departures - Thousands,..
Tourism expenditure in other countries - US$ Mn,..
Travel - US$ Mn,..
Passenger transport - US$ Mn,..
MALI,
Inbound tourism,
Arrivals - Thousands,142
Arrivals - Thousands,57
Tourism expenditure in the country - US$ Mn,..
Travel - US$ Mn,..
Passenger transport - US$ Mn,..
Outbound tourism,
Departures - Thousands,..
Tourism expenditure in other countries - US$ Mn,..
Travel - US$ Mn,..
Passenger transport - US$ Mn,..
MALTA,
Inbound tourism,
Arrivals - Thousands,"1,582"
Tourism expenditure in the country - US$ Mn,"1,616"
Travel - US$ Mn,"1,402"
Passenger transport - US$ Mn,214
Outbound tourism,
Departures - Thousands,363
Tourism expenditure in other countries - US$ Mn,466
Travel - US$ Mn,384
Passenger transport - US$ Mn,82
MARSHALL ISLANDS,
Inbound tourism,
Arrivals - Thousands,..
Tourism expenditure in the country - US$ Mn,..
Travel - US$ Mn,..
Passenger transport - US$ Mn,..
Outbound tourism,
Departures - Thousands,..
Tourism expenditure in other countries - US$ Mn,..
Travel - US$ Mn,..
Passenger transport - US$ Mn,..
MARTINIQUE,
Inbound tourism,
Arrivals - Thousands,490
Tourism expenditure in the country - US$ Mn,484
Travel - US$ Mn,..
Passenger transport - US$ Mn,..
Outbound tourism,
Departures - Thousands,..
Tourism expenditure in other countries - US$ Mn,..
Travel - US$ Mn,..
Passenger transport - US$ Mn,..
MAURITANIA,
Inbound tourism,
Arrivals - Thousands,..
Tourism expenditure in the country - US$ Mn,..
Travel - US$ Mn,..
Passenger transport - US$ Mn,..
Outbound tourism,
Departures - Thousands,..
Tourism expenditure in other countries - US$ Mn,..
Travel - US$ Mn,..
Passenger transport - US$ Mn,..
MAURITIUS,
Inbound tourism,
Arrivals - Thousands,993
Tourism expenditure in the country - US$ Mn,"1,595"
Travel - US$ Mn,"1,322"
Passenger transport - US$ Mn,273
Outbound tourism,
Departures - Thousands,250
Tourism expenditure in other countries - US$ Mn,456
Travel - US$ Mn,436
Passenger transport - US$ Mn,20
MEXICO,
Inbound tourism,
Arrivals - Thousands,"24,151"
Tourism expenditure in the country - US$ Mn,"14,311"
Travel - US$ Mn,"13,949"
Passenger transport - US$ Mn,362
Outbound tourism,
Departures - Thousands,"15,911"
Tourism expenditure in other countries - US$ Mn,"11,970"
Travel - US$ Mn,"9,122"
Passenger transport - US$ Mn,"2,848"
"MICRONESIA, FEDERATED STATES OF",
Inbound tourism,
Arrivals - Thousands,42
Tourism expenditure in the country - US$ Mn,..
Travel - US$ Mn,..
Passenger transport - US$ Mn,..
Outbound tourism,
Departures - Thousands,..
Tourism expenditure in other countries - US$ Mn,..
Travel - US$ Mn,..
Passenger transport - US$ Mn,..
MONACO,
Inbound tourism,
Arrivals - Thousands,328
Tourism expenditure in the country - US$ Mn,..
Travel - US$ Mn,..
Passenger transport - US$ Mn,..
Outbound tourism,
Departures - Thousands,..
Tourism expenditure in other countries - US$ Mn,..
Travel - US$ Mn,..
Passenger transport - US$ Mn,..
MONGOLIA,
Inbound tourism,
Arrivals - Thousands,418
Tourism expenditure in the country - US$ Mn,228
Travel - US$ Mn,189
Passenger transport - US$ Mn,39
Outbound tourism,
Departures - Thousands,..
Tourism expenditure in other countries - US$ Mn,458
Travel - US$ Mn,399
Passenger transport - US$ Mn,59
MONTENEGRO,
Inbound tourism,
Arrivals - Thousands,"1,324"
Tourism expenditure in the country - US$ Mn,929
Travel - US$ Mn,880
Passenger transport - US$ Mn,49
Outbound tourism,
Departures - Thousands,..
Tourism expenditure in other countries - US$ Mn,81
Travel - US$ Mn,48
Passenger transport - US$ Mn,33
MONTSERRAT,
Inbound tourism,
Arrivals - Thousands,7.2
Tourism expenditure in the country - US$ Mn,..
Travel - US$ Mn,7.6
Passenger transport - US$ Mn,..
Outbound tourism,
Departures - Thousands,..
Tourism expenditure in other countries - US$ Mn,..
Travel - US$ Mn,3.1
Passenger transport - US$ Mn,..
MOROCCO,
Inbound tourism,
Arrivals - Thousands,"10,046"
Tourism expenditure in the country - US$ Mn,"8,201"
Travel - US$ Mn,"6,851"
Passenger transport - US$ Mn,"1,350"
Outbound tourism,
Departures - Thousands,"2,194"
Tourism expenditure in other countries - US$ Mn,"2,002"
Travel - US$ Mn,"1,318"
Passenger transport - US$ Mn,684
MOZAMBIQUE,
Inbound tourism,
Arrivals - Thousands,"1,886"
Tourism expenditure in the country - US$ Mn,273
Travel - US$ Mn,241
Passenger transport - US$ Mn,32
Outbound tourism,
Departures - Thousands,..
Tourism expenditure in other countries - US$ Mn,310
Travel - US$ Mn,236
Passenger transport - US$ Mn,74
MYANMAR,
Inbound tourism,
Arrivals - Thousands,"2,044"
Tourism expenditure in the country - US$ Mn,..
Travel - US$ Mn,..
Passenger transport - US$ Mn,..
Outbound tourism,
Departures - Thousands,..
Tourism expenditure in other countries - US$ Mn,..
Travel - US$ Mn,..
Passenger transport - US$ Mn,..
NAMIBIA,
Inbound tourism,
Arrivals - Thousands,"1,176"
Tourism expenditure in the country - US$ Mn,..
Travel - US$ Mn,..
Passenger transport - US$ Mn,..
Outbound tourism,
Departures - Thousands,..
Tourism expenditure in other countries - US$ Mn,..
Travel - US$ Mn,..
Passenger transport - US$ Mn,..
NEPAL,
Inbound tourism,
Arrivals - Thousands,798
Tourism expenditure in the country - US$ Mn,457
Travel - US$ Mn,433
Passenger transport - US$ Mn,24
Outbound tourism,
Departures - Thousands,983
Tourism expenditure in other countries - US$ Mn,594
Travel - US$ Mn,419
Passenger transport - US$ Mn,175
NETHERLANDS,
Inbound tourism,
Arrivals - Thousands,"12,783"
Tourism expenditure in the country - US$ Mn,"22,667"
Travel - US$ Mn,"15,591"
Passenger transport - US$ Mn,"7,076"
Outbound tourism,
Departures - Thousands,"18,094"
Tourism expenditure in other countries - US$ Mn,"20,758"
Travel - US$ Mn,"20,471"
Passenger transport - US$ Mn,287
NEW CALEDONIA,
Inbound tourism,
Arrivals - Thousands,108
Tourism expenditure in the country - US$ Mn,..
Travel - US$ Mn,..
Passenger transport - US$ Mn,..
Outbound tourism,
Departures - Thousands,121
Tourism expenditure in other countries - US$ Mn,..
Travel - US$ Mn,..
Passenger transport - US$ Mn,..
NEW ZEALAND,
Inbound tourism,
Arrivals - Thousands,"2,745"
Arrivals - Thousands,"2,629"
Tourism expenditure in the country - US$ Mn,..
Travel - US$ Mn,"7,497"
Passenger transport - US$ Mn,..
Outbound tourism,
Departures - Thousands,"2,193"
Tourism expenditure in other countries - US$ Mn,..
Travel - US$ Mn,"3,861"
Passenger transport - US$ Mn,..
NICARAGUA,
Inbound tourism,
Arrivals - Thousands,"1,229"
Tourism expenditure in the country - US$ Mn,..
Travel - US$ Mn,417
Passenger transport - US$ Mn,..
Outbound tourism,
Departures - Thousands,994
Tourism expenditure in other countries - US$ Mn,409
Travel - US$ Mn,273
Passenger transport - US$ Mn,136
NIGER,
Inbound tourism,
Arrivals - Thousands,123
Tourism expenditure in the country - US$ Mn,..
Travel - US$ Mn,..
Passenger transport - US$ Mn,..
Outbound tourism,
Departures - Thousands,..
Tourism expenditure in other countries - US$ Mn,..
Travel - US$ Mn,..
Passenger transport - US$ Mn,..
NIGERIA,
Inbound tourism,
Arrivals - Thousands,"4,038"
Arrivals - Thousands,600
Tourism expenditure in the country - US$ Mn,..
Travel - US$ Mn,..
Passenger transport - US$ Mn,..
Outbound tourism,
Departures - Thousands,..
Tourism expenditure in other countries - US$ Mn,..
Travel - US$ Mn,..
Passenger transport - US$ Mn,..
NIUE,
Inbound tourism,
Arrivals - Thousands,7
Tourism expenditure in the country - US$ Mn,..
Travel - US$ Mn,..
Passenger transport - US$ Mn,..
Outbound tourism,
Departures - Thousands,..
Tourism expenditure in other countries - US$ Mn,..
Travel - US$ Mn,..
Passenger transport - US$ Mn,..
NORTHERN MARIANA ISLANDS,
Inbound tourism,
Arrivals - Thousands,..
Tourism expenditure in the country - US$ Mn,..
Travel - US$ Mn,..
Passenger transport - US$ Mn,..
Outbound tourism,
Departures - Thousands,..
Tourism expenditure in other countries - US$ Mn,..
Travel - US$ Mn,..
Passenger transport - US$ Mn,..
NORWAY,
Inbound tourism,
Arrivals - Thousands,..
Tourism expenditure in the country - US$ Mn,"6,390"
Travel - US$ Mn,"5,655"
Passenger transport - US$ Mn,735
Outbound tourism,
Departures - Thousands,..
Tourism expenditure in other countries - US$ Mn,"18,882"
Travel - US$ Mn,"18,371"
Passenger transport - US$ Mn,511
OMAN,
Inbound tourism,
Arrivals - Thousands,"1,551"
Arrivals - Thousands,"2,047"
Tourism expenditure in the country - US$ Mn,"1,913"
Travel - US$ Mn,"1,221"
Passenger transport - US$ Mn,692
Outbound tourism,
Departures - Thousands,"3,153"
Tourism expenditure in other countries - US$ Mn,"2,390"
Travel - US$ Mn,"1,388"
Passenger transport - US$ Mn,"1,002"
PAKISTAN,
Inbound tourism,
Arrivals - Thousands,..
Tourism expenditure in the country - US$ Mn,929
Travel - US$ Mn,287
Passenger transport - US$ Mn,642
Outbound tourism,
Departures - Thousands,..
Tourism expenditure in other countries - US$ Mn,"1,618"
Travel - US$ Mn,"1,073"
Passenger transport - US$ Mn,545
PALAU,
Inbound tourism,
Arrivals - Thousands,105
Tourism expenditure in the country - US$ Mn,..
Travel - US$ Mn,112
Passenger transport - US$ Mn,..
Outbound tourism,
Departures - Thousands,..
Tourism expenditure in other countries - US$ Mn,18.2
Travel - US$ Mn,10.2
Passenger transport - US$ Mn,8
PALESTINE,
Inbound tourism,
Arrivals - Thousands,545
Tourism expenditure in the country - US$ Mn,..
Travel - US$ Mn,..
Passenger transport - US$ Mn,..
Outbound tourism,
Departures - Thousands,..
Tourism expenditure in other countries - US$ Mn,..
Travel - US$ Mn,..
Passenger transport - US$ Mn,..
PANAMA,
Inbound tourism,
Arrivals - Thousands,"1,658"
Tourism expenditure in the country - US$ Mn,"5,089"
Travel - US$ Mn,"3,316"
Passenger transport - US$ Mn,"1,773"
Outbound tourism,
Departures - Thousands,619
Tourism expenditure in other countries - US$ Mn,"1,190"
Travel - US$ Mn,830
Passenger transport - US$ Mn,360
PAPUA NEW GUINEA,
Inbound tourism,
Arrivals - Thousands,174
Tourism expenditure in the country - US$ Mn,..
Travel - US$ Mn,..
Passenger transport - US$ Mn,..
Outbound tourism,
Departures - Thousands,..
Tourism expenditure in other countries - US$ Mn,..
Travel - US$ Mn,..
Passenger transport - US$ Mn,..
PARAGUAY,
Inbound tourism,
Arrivals - Thousands,610
Tourism expenditure in the country - US$ Mn,299
Travel - US$ Mn,273
Passenger transport - US$ Mn,26
Outbound tourism,
Departures - Thousands,440
Tourism expenditure in other countries - US$ Mn,425
Travel - US$ Mn,243
Passenger transport - US$ Mn,182
PERU,
Inbound tourism,
Arrivals - Thousands,"3,164"
Tourism expenditure in the country - US$ Mn,"3,925"
Travel - US$ Mn,"3,009"
Passenger transport - US$ Mn,916
Outbound tourism,
Departures - Thousands,"2,364"
Tourism expenditure in other countries - US$ Mn,"2,114"
Travel - US$ Mn,"1,601"
Passenger transport - US$ Mn,513
PHILIPPINES,
Inbound tourism,
Arrivals - Thousands,"4,681"
Tourism expenditure in the country - US$ Mn,"5,575"
Travel - US$ Mn,"4,683"
Passenger transport - US$ Mn,892
Outbound tourism,
Departures - Thousands,..
Tourism expenditure in other countries - US$ Mn,"7,106"
Travel - US$ Mn,"6,517"
Passenger transport - US$ Mn,589
POLAND,
Inbound tourism,
Arrivals - Thousands,"15,800"
Tourism expenditure in the country - US$ Mn,"12,476"
Travel - US$ Mn,"11,407"
Passenger transport - US$ Mn,"1,069"
Outbound tourism,
Departures - Thousands,"10,050"
Tourism expenditure in other countries - US$ Mn,"9,414"
Travel - US$ Mn,"9,111"
Passenger transport - US$ Mn,303
PORTUGAL,
Inbound tourism,
Arrivals - Thousands,..
Arrivals - Thousands,"8,097"
Tourism expenditure in the country - US$ Mn,"16,221"
Travel - US$ Mn,"12,281"
Passenger transport - US$ Mn,"3,940"
Outbound tourism,
Departures - Thousands,..
Tourism expenditure in other countries - US$ Mn,"4,928"
Travel - US$ Mn,"4,142"
Passenger transport - US$ Mn,786
PUERTO RICO,
Inbound tourism,
Arrivals - Thousands,"3,200"
Tourism expenditure in the country - US$ Mn,"3,334"
Travel - US$ Mn,..
Passenger transport - US$ Mn,..
Outbound tourism,
Departures - Thousands,839
Tourism expenditure in other countries - US$ Mn,"1,139"
Travel - US$ Mn,782
Passenger transport - US$ Mn,357
QATAR,
Inbound tourism,
Arrivals - Thousands,"2,611"
Arrivals - Thousands,
Tourism expenditure in the country - US$ Mn,"8,452"
Travel - US$ Mn,"3,456"
Passenger transport - US$ Mn,"4,996"
Outbound tourism,
Departures - Thousands,..
Tourism expenditure in other countries - US$ Mn,"11,729"
Travel - US$ Mn,"6,616"
Passenger transport - US$ Mn,"5,113"
REPUBLIC OF MOLDOVA,
Inbound tourism,
Arrivals - Thousands,12
Tourism expenditure in the country - US$ Mn,320
Travel - US$ Mn,227
Passenger transport - US$ Mn,93
Outbound tourism,
Departures - Thousands,157
Tourism expenditure in other countries - US$ Mn,446
Travel - US$ Mn,346
Passenger transport - US$ Mn,100
REUNION,
Inbound tourism,
Arrivals - Thousands,416
Tourism expenditure in the country - US$ Mn,403
Travel - US$ Mn,..
Passenger transport - US$ Mn,..
Outbound tourism,
Departures - Thousands,..
Tourism expenditure in other countries - US$ Mn,..
Travel - US$ Mn,..
Passenger transport - US$ Mn,..
ROMANIA,
Inbound tourism,
Arrivals - Thousands,"8,019"
Arrivals - Thousands,..
Tourism expenditure in the country - US$ Mn,"1,894"
Travel - US$ Mn,"1,437"
Passenger transport - US$ Mn,457
Outbound tourism,
Departures - Thousands,"11,364"
Tourism expenditure in other countries - US$ Mn,"2,109"
Travel - US$ Mn,"1,993"
Passenger transport - US$ Mn,116
RUSSIAN FEDERATION,
Inbound tourism,
Arrivals - Thousands,"30,792"
Arrivals - Thousands,..
Tourism expenditure in the country - US$ Mn,"20,198"
Travel - US$ Mn,"11,988"
Passenger transport - US$ Mn,"8,210"
Outbound tourism,
Departures - Thousands,"54,069"
Tourism expenditure in other countries - US$ Mn,"59,504"
Travel - US$ Mn,"53,453"
Passenger transport - US$ Mn,"6,051"
RWANDA,
Inbound tourism,
Arrivals - Thousands,"1,137"
Arrivals - Thousands,864
Tourism expenditure in the country - US$ Mn,351
Travel - US$ Mn,294
Passenger transport - US$ Mn,57
Outbound tourism,
Departures - Thousands,..
Tourism expenditure in other countries - US$ Mn,144
Travel - US$ Mn,101
Passenger transport - US$ Mn,43
SABA,
Inbound tourism,
Arrivals - Thousands,..
Tourism expenditure in the country - US$ Mn,..
Travel - US$ Mn,..
Passenger transport - US$ Mn,..
Outbound tourism,
Departures - Thousands,..
Tourism expenditure in other countries - US$ Mn,..
Travel - US$ Mn,..
Passenger transport - US$ Mn,..
SAINT KITTS AND NEVIS,
Inbound tourism,
Arrivals - Thousands,107
Tourism expenditure in the country - US$ Mn,..
Travel - US$ Mn,101
Passenger transport - US$ Mn,..
Outbound tourism,
Departures - Thousands,..
Tourism expenditure in other countries - US$ Mn,..
Travel - US$ Mn,16
Passenger transport - US$ Mn,..
SAINT LUCIA,
Inbound tourism,
Arrivals - Thousands,319
Tourism expenditure in the country - US$ Mn,..
Travel - US$ Mn,354
Passenger transport - US$ Mn,..
Outbound tourism,
Departures - Thousands,..
Tourism expenditure in other countries - US$ Mn,..
Travel - US$ Mn,46
Passenger transport - US$ Mn,..
SAINT VINCENT AND THE GRENADINES,
Inbound tourism,
Arrivals - Thousands,72
Tourism expenditure in the country - US$ Mn,..
Travel - US$ Mn,92
Passenger transport - US$ Mn,..
Outbound tourism,
Departures - Thousands,..
Tourism expenditure in other countries - US$ Mn,..
Travel - US$ Mn,14
Passenger transport - US$ Mn,..
SAMOA,
Inbound tourism,
Arrivals - Thousands,116
Tourism expenditure in the country - US$ Mn,..
Travel - US$ Mn,..
Passenger transport - US$ Mn,..
Outbound tourism,
Departures - Thousands,51
Tourism expenditure in other countries - US$ Mn,..
Travel - US$ Mn,..
Passenger transport - US$ Mn,..
SAN MARINO,
Inbound tourism,
Arrivals - Thousands,70
Tourism expenditure in the country - US$ Mn,..
Travel - US$ Mn,..
Passenger transport - US$ Mn,..
Outbound tourism,
Departures - Thousands,..
Tourism expenditure in other countries - US$ Mn,..
Travel - US$ Mn,..
Passenger transport - US$ Mn,..
SAO TOME AND PRINCIPE,
Inbound tourism,
Arrivals - Thousands,..
Tourism expenditure in the country - US$ Mn,..
Travel - US$ Mn,..
Passenger transport - US$ Mn,..
Outbound tourism,
Departures - Thousands,..
Tourism expenditure in other countries - US$ Mn,..
Travel - US$ Mn,..
Passenger transport - US$ Mn,..
SAUDI ARABIA,
Inbound tourism,
Arrivals - Thousands,"13,380"
Tourism expenditure in the country - US$ Mn,"8,690"
Travel - US$ Mn,"7,651"
Passenger transport - US$ Mn,"1,039"
Outbound tourism,
Departures - Thousands,"19,154"
Tourism expenditure in other countries - US$ Mn,"18,648"
Travel - US$ Mn,"17,660"
Passenger transport - US$ Mn,988
SENEGAL,
Inbound tourism,
Arrivals - Thousands,"1,063"
Arrivals - Thousands,..
Tourism expenditure in the country - US$ Mn,..
Travel - US$ Mn,..
Passenger transport - US$ Mn,..
Outbound tourism,
Departures - Thousands,..
Tourism expenditure in other countries - US$ Mn,..
Travel - US$ Mn,..
Passenger transport - US$ Mn,..
SERBIA,
Inbound tourism,
Arrivals - Thousands,922
Tourism expenditure in the country - US$ Mn,"1,238"
Travel - US$ Mn,"1,053"
Passenger transport - US$ Mn,185
Outbound tourism,
Departures - Thousands,..
Tourism expenditure in other countries - US$ Mn,"1,289"
Travel - US$ Mn,"1,117"
Passenger transport - US$ Mn,172
SERBIA AND MONTENEGRO,
Inbound tourism,
Arrivals - Thousands,..
Tourism expenditure in the country - US$ Mn,..
Travel - US$ Mn,..
Passenger transport - US$ Mn,..
Outbound tourism,
Departures - Thousands,..
Tourism expenditure in other countries - US$ Mn,..
Travel - US$ Mn,..
Passenger transport - US$ Mn,..
SEYCHELLES,
Inbound tourism,
Arrivals - Thousands,230
Tourism expenditure in the country - US$ Mn,..
Travel - US$ Mn,..
Passenger transport - US$ Mn,..
Outbound tourism,
Departures - Thousands,..
Tourism expenditure in other countries - US$ Mn,..
Travel - US$ Mn,..
Passenger transport - US$ Mn,..
SIERRA LEONE,
Inbound tourism,
Arrivals - Thousands,81
Tourism expenditure in the country - US$ Mn,..
Travel - US$ Mn,59
Passenger transport - US$ Mn,..
Outbound tourism,
Departures - Thousands,..
Tourism expenditure in other countries - US$ Mn,..
Travel - US$ Mn,..
Passenger transport - US$ Mn,..
SINGAPORE,
Inbound tourism,
Arrivals - Thousands,"11,899"
Tourism expenditure in the country - US$ Mn,..
Travel - US$ Mn,"19,057"
Passenger transport - US$ Mn,..
Outbound tourism,
Departures - Thousands,"8,647"
Tourism expenditure in other countries - US$ Mn,..
Travel - US$ Mn,"24,578"
Passenger transport - US$ Mn,..
SINT EUSTATIUS,
Inbound tourism,
Arrivals - Thousands,..
Tourism expenditure in the country - US$ Mn,..
Travel - US$ Mn,..
Passenger transport - US$ Mn,..
Outbound tourism,
Departures - Thousands,..
Tourism expenditure in other countries - US$ Mn,..
Travel - US$ Mn,..
Passenger transport - US$ Mn,..
SINT MAARTEN,
Inbound tourism,
Arrivals - Thousands,467
Tourism expenditure in the country - US$ Mn,871
Travel - US$ Mn,857
Passenger transport - US$ Mn,14
Outbound tourism,
Departures - Thousands,..
Tourism expenditure in other countries - US$ Mn,115
Travel - US$ Mn,90
Passenger transport - US$ Mn,25
SLOVAKIA,
Inbound tourism,
Arrivals - Thousands,..
Arrivals - Thousands,"1,670"
Tourism expenditure in the country - US$ Mn,"2,634"
Travel - US$ Mn,"2,556"
Passenger transport - US$ Mn,78
Outbound tourism,
Departures - Thousands,"2,129"
Tourism expenditure in other countries - US$ Mn,"2,600"
Travel - US$ Mn,"2,367"
Passenger transport - US$ Mn,233
SLOVENIA,
Inbound tourism,
Arrivals - Thousands,"2,259"
Tourism expenditure in the country - US$ Mn,"2,976"
Travel - US$ Mn,"2,789"
Passenger transport - US$ Mn,187
Outbound tourism,
Departures - Thousands,"2,612"
Tourism expenditure in other countries - US$ Mn,"1,075"
Travel - US$ Mn,933
Passenger transport - US$ Mn,142
SOLOMON ISLANDS,
Inbound tourism,
Arrivals - Thousands,24.4
Tourism expenditure in the country - US$ Mn,..
Travel - US$ Mn,69.2
Passenger transport - US$ Mn,..
Outbound tourism,
Departures - Thousands,..
Tourism expenditure in other countries - US$ Mn,..
Travel - US$ Mn,65.5
Passenger transport - US$ Mn,..
SOUTH AFRICA,
Inbound tourism,
Arrivals - Thousands,"9,537"
Tourism expenditure in the country - US$ Mn,"10,468"
Travel - US$ Mn,"9,245"
Passenger transport - US$ Mn,"1,223"
Outbound tourism,
Departures - Thousands,"5,168"
Tourism expenditure in other countries - US$ Mn,"6,490"
Travel - US$ Mn,"3,429"
Passenger transport - US$ Mn,"3,061"
SPAIN,
Inbound tourism,
Arrivals - Thousands,"60,661"
Tourism expenditure in the country - US$ Mn,"67,608"
Travel - US$ Mn,"60,384"
Passenger transport - US$ Mn,"7,224"
Outbound tourism,
Departures - Thousands,"11,246"
Tourism expenditure in other countries - US$ Mn,"22,565"
Travel - US$ Mn,"16,287"
Passenger transport - US$ Mn,"6,278"
SRI LANKA,
Inbound tourism,
Arrivals - Thousands,"1,275"
Tourism expenditure in the country - US$ Mn,"2,506"
Travel - US$ Mn,"1,715"
Passenger transport - US$ Mn,791
Outbound tourism,
Departures - Thousands,"1,262"
Tourism expenditure in other countries - US$ Mn,"1,808"
Travel - US$ Mn,"1,188"
Passenger transport - US$ Mn,620
SUDAN,
Inbound tourism,
Arrivals - Thousands,591
Tourism expenditure in the country - US$ Mn,..
Travel - US$ Mn,773
Passenger transport - US$ Mn,..
Outbound tourism,
Departures - Thousands,..
Tourism expenditure in other countries - US$ Mn,..
Travel - US$ Mn,460
Passenger transport - US$ Mn,..
SURINAME,
Inbound tourism,
Arrivals - Thousands,249
Tourism expenditure in the country - US$ Mn,92
Travel - US$ Mn,84
Passenger transport - US$ Mn,8
Outbound tourism,
Departures - Thousands,..
Tourism expenditure in other countries - US$ Mn,75
Travel - US$ Mn,70
Passenger transport - US$ Mn,5
SWAZILAND,
Inbound tourism,
Arrivals - Thousands,968
Tourism expenditure in the country - US$ Mn,..
Travel - US$ Mn,..
Passenger transport - US$ Mn,..
Outbound tourism,
Departures - Thousands,"1,573"
Tourism expenditure in other countries - US$ Mn,..
Travel - US$ Mn,..
Passenger transport - US$ Mn,..
SWEDEN,
Inbound tourism,
Arrivals - Thousands,"11,635"
Arrivals - Thousands,"5,229"
Tourism expenditure in the country - US$ Mn,"13,910"
Travel - US$ Mn,"11,476"
Passenger transport - US$ Mn,"2,434"
Outbound tourism,
Departures - Thousands,"15,917"
Tourism expenditure in other countries - US$ Mn,"19,944"
Travel - US$ Mn,"17,564"
Passenger transport - US$ Mn,"2,380"
SWITZERLAND,
Inbound tourism,
Arrivals - Thousands,"8,967"
Tourism expenditure in the country - US$ Mn,"19,992"
Travel - US$ Mn,"16,535"
Passenger transport - US$ Mn,"3,457"
Outbound tourism,
Departures - Thousands,"12,403"
Tourism expenditure in other countries - US$ Mn,"17,935"
Travel - US$ Mn,"14,907"
Passenger transport - US$ Mn,"3,028"
SYRIAN ARAB REPUBLIC,
Inbound tourism,
Arrivals - Thousands,..
Tourism expenditure in the country - US$ Mn,..
Travel - US$ Mn,..
Passenger transport - US$ Mn,..
Outbound tourism,
Departures - Thousands,..
Tourism expenditure in other countries - US$ Mn,..
Travel - US$ Mn,..
Passenger transport - US$ Mn,..
"TAIWAN, Province of China",
Inbound tourism,
Arrivals - Thousands,"8,016"
Tourism expenditure in the country - US$ Mn,"15,136"
Travel - US$ Mn,"12,677"
Passenger transport - US$ Mn,"2,459"
Outbound tourism,
Departures - Thousands,"11,053"
Tourism expenditure in other countries - US$ Mn,"14,152"
Travel - US$ Mn,"12,304"
Passenger transport - US$ Mn,"1,848"
TAJIKISTAN,
Inbound tourism,
Arrivals - Thousands,208
Arrivals - Thousands,..
Tourism expenditure in the country - US$ Mn,56.9
Travel - US$ Mn,2.9
Passenger transport - US$ Mn,54
Outbound tourism,
Departures - Thousands,15
Tourism expenditure in other countries - US$ Mn,14.1
Travel - US$ Mn,7.2
Passenger transport - US$ Mn,6.9
THAILAND,
Inbound tourism,
Arrivals - Thousands,"26,547"
Tourism expenditure in the country - US$ Mn,"46,042"
Travel - US$ Mn,"42,082"
Passenger transport - US$ Mn,"3,960"
Outbound tourism,
Departures - Thousands,"5,970"
Tourism expenditure in other countries - US$ Mn,"8,385"
Travel - US$ Mn,"6,650"
Passenger transport - US$ Mn,"1,735"
THE FORMER YUGOSLAV REPUBLIC OF MACEDONIA,
Inbound tourism,
Arrivals - Thousands,400
Tourism expenditure in the country - US$ Mn,270
Travel - US$ Mn,267
Passenger transport - US$ Mn,3
Outbound tourism,
Departures - Thousands,..
Tourism expenditure in other countries - US$ Mn,168
Travel - US$ Mn,131
Passenger transport - US$ Mn,37
TIMOR-LESTE,
Inbound tourism,
Arrivals - Thousands,..
Tourism expenditure in the country - US$ Mn,..
Travel - US$ Mn,29
Passenger transport - US$ Mn,..
Outbound tourism,
Departures - Thousands,..
Tourism expenditure in other countries - US$ Mn,57
Travel - US$ Mn,40
Passenger transport - US$ Mn,17
TOGO,
Inbound tourism,
Arrivals - Thousands,327
Tourism expenditure in the country - US$ Mn,..
Travel - US$ Mn,..
Passenger transport - US$ Mn,..
Outbound tourism,
Departures - Thousands,..
Tourism expenditure in other countries - US$ Mn,..
Travel - US$ Mn,..
Passenger transport - US$ Mn,..
TONGA,
Inbound tourism,
Arrivals - Thousands,45
Tourism expenditure in the country - US$ Mn,..
Travel - US$ Mn,..
Passenger transport - US$ Mn,..
Outbound tourism,
Departures - Thousands,..
Tourism expenditure in other countries - US$ Mn,..
Travel - US$ Mn,..
Passenger transport - US$ Mn,..
TRINIDAD AND TOBAGO,
Inbound tourism,
Arrivals - Thousands,434
Tourism expenditure in the country - US$ Mn,..
Travel - US$ Mn,..
Passenger transport - US$ Mn,..
Outbound tourism,
Departures - Thousands,..
Tourism expenditure in other countries - US$ Mn,..
Travel - US$ Mn,..
Passenger transport - US$ Mn,..
TUNISIA,
Inbound tourism,
Arrivals - Thousands,"6,269"
Tourism expenditure in the country - US$ Mn,"2,863"
Travel - US$ Mn,"2,191"
Passenger transport - US$ Mn,672
Outbound tourism,
Departures - Thousands,..
Tourism expenditure in other countries - US$ Mn,768
Travel - US$ Mn,675
Passenger transport - US$ Mn,93
TURKEY,
Inbound tourism,
Arrivals - Thousands,"37,795"
Tourism expenditure in the country - US$ Mn,"34,863"
Travel - US$ Mn,"27,997"
Passenger transport - US$ Mn,"6,866"
Outbound tourism,
Departures - Thousands,"7,526"
Tourism expenditure in other countries - US$ Mn,"5,268"
Travel - US$ Mn,"4,817"
Passenger transport - US$ Mn,451
TURKMENISTAN,
Inbound tourism,
Arrivals - Thousands,..
Tourism expenditure in the country - US$ Mn,..
Travel - US$ Mn,..
Passenger transport - US$ Mn,..
Outbound tourism,
Departures - Thousands,..
Tourism expenditure in other countries - US$ Mn,..
Travel - US$ Mn,..
Passenger transport - US$ Mn,..
TURKS AND CAICOS ISLANDS,
Inbound tourism,
Arrivals - Thousands,291
Tourism expenditure in the country - US$ Mn,..
Travel - US$ Mn,..
Passenger transport - US$ Mn,..
Outbound tourism,
Departures - Thousands,..
Tourism expenditure in other countries - US$ Mn,..
Travel - US$ Mn,..
Passenger transport - US$ Mn,..
TUVALU,
Inbound tourism,
Arrivals - Thousands,..
Tourism expenditure in the country - US$ Mn,..
Travel - US$ Mn,..
Passenger transport - US$ Mn,..
Outbound tourism,
Departures - Thousands,..
Tourism expenditure in other countries - US$ Mn,..
Travel - US$ Mn,..
Passenger transport - US$ Mn,..
UGANDA,
Inbound tourism,
Arrivals - Thousands,"1,206"
Tourism expenditure in the country - US$ Mn,"1,204"
Travel - US$ Mn,"1,184"
Passenger transport - US$ Mn,20
Outbound tourism,
Departures - Thousands,378
Tourism expenditure in other countries - US$ Mn,592
Travel - US$ Mn,453
Passenger transport - US$ Mn,139
UKRAINE,
Inbound tourism,
Arrivals - Thousands,"24,671"
Tourism expenditure in the country - US$ Mn,"5,946"
Travel - US$ Mn,"5,083"
Passenger transport - US$ Mn,863
Outbound tourism,
Departures - Thousands,"23,761"
Tourism expenditure in other countries - US$ Mn,"6,300"
Travel - US$ Mn,"5,763"
Passenger transport - US$ Mn,537
UNITED ARAB EMIRATES,
Inbound tourism,
Arrivals - Thousands,..
Tourism expenditure in the country - US$ Mn,"11,564"
Travel - US$ Mn,..
Passenger transport - US$ Mn,..
Outbound tourism,
Departures - Thousands,..
Tourism expenditure in other countries - US$ Mn,"17,699"
Travel - US$ Mn,..
Passenger transport - US$ Mn,..
UNITED KINGDOM,
Inbound tourism,
Arrivals - Thousands,"32,813"
Arrivals - Thousands,"31,169"
Tourism expenditure in the country - US$ Mn,"49,404"
Travel - US$ Mn,"40,589"
Passenger transport - US$ Mn,"8,815"
Outbound tourism,
Departures - Thousands,"58,510"
Tourism expenditure in other countries - US$ Mn,"68,094"
Travel - US$ Mn,"52,490"
Passenger transport - US$ Mn,"15,604"
UNITED REPUBLIC OF TANZANIA,
Inbound tourism,
Arrivals - Thousands,"1,063"
Tourism expenditure in the country - US$ Mn,..
Travel - US$ Mn,..
Passenger transport - US$ Mn,..
Outbound tourism,
Departures - Thousands,..
Tourism expenditure in other countries - US$ Mn,..
Travel - US$ Mn,..
Passenger transport - US$ Mn,..
UNITED STATES OF AMERICA,
Inbound tourism,
Arrivals - Thousands,"69,768"
Tourism expenditure in the country - US$ Mn,"217,219"
Travel - US$ Mn,"176,074"
Passenger transport - US$ Mn,"41,145"
Outbound tourism,
Departures - Thousands,"61,569"
Tourism expenditure in other countries - US$ Mn,"132,615"
Travel - US$ Mn,"95,271"
Passenger transport - US$ Mn,"37,344"
UNITED STATES VIRGIN ISLANDS,
Inbound tourism,
Arrivals - Thousands,570
Tourism expenditure in the country - US$ Mn,"1,232"
Travel - US$ Mn,..
Passenger transport - US$ Mn,..
Outbound tourism,
Departures - Thousands,..
Tourism expenditure in other countries - US$ Mn,..
Travel - US$ Mn,..
Passenger transport - US$ Mn,..
URUGUAY,
Inbound tourism,
Arrivals - Thousands,"2,683"
Tourism expenditure in the country - US$ Mn,"2,011"
Travel - US$ Mn,"1,920"
Passenger transport - US$ Mn,91
Outbound tourism,
Departures - Thousands,"2,281"
Tourism expenditure in other countries - US$ Mn,"1,466"
Travel - US$ Mn,"1,312"
Passenger transport - US$ Mn,154
UZBEKISTAN,
Inbound tourism,
Arrivals - Thousands,"1,969"
Tourism expenditure in the country - US$ Mn,..
Travel - US$ Mn,..
Passenger transport - US$ Mn,..
Outbound tourism,
Departures - Thousands,..
Tourism expenditure in other countries - US$ Mn,..
Travel - US$ Mn,..
Passenger transport - US$ Mn,..
VANUATU,
Inbound tourism,
Arrivals - Thousands,110
Tourism expenditure in the country - US$ Mn,..
Travel - US$ Mn,..
Passenger transport - US$ Mn,..
Outbound tourism,
Departures - Thousands,26
Tourism expenditure in other countries - US$ Mn,..
Travel - US$ Mn,..
Passenger transport - US$ Mn,..
VENEZUELA,
Inbound tourism,
Arrivals - Thousands,986
Tourism expenditure in the country - US$ Mn,..
Travel - US$ Mn,..
Passenger transport - US$ Mn,..
Outbound tourism,
Departures - Thousands,"1,931"
Tourism expenditure in other countries - US$ Mn,..
Travel - US$ Mn,..
Passenger transport - US$ Mn,..
VIET NAM,
Inbound tourism,
Arrivals - Thousands,"7,572"
Arrivals - Thousands,..
Tourism expenditure in the country - US$ Mn,"7,530"
Travel - US$ Mn,..
Passenger transport - US$ Mn,..
Outbound tourism,
Departures - Thousands,..
Tourism expenditure in other countries - US$ Mn,"2,050"
Travel - US$ Mn,..
Passenger transport - US$ Mn,..
YEMEN,
Inbound tourism,
Arrivals - Thousands,990
Tourism expenditure in the country - US$ Mn,"1,097"
Travel - US$ Mn,940
Passenger transport - US$ Mn,157
Outbound tourism,
Departures - Thousands,..
Tourism expenditure in other countries - US$ Mn,161
Travel - US$ Mn,86
Passenger transport - US$ Mn,75
ZAMBIA,
Inbound tourism,
Arrivals - Thousands,915
Tourism expenditure in the country - US$ Mn,..
Travel - US$ Mn,..
Passenger transport - US$ Mn,..
Outbound tourism,
Departures - Thousands,..
Tourism expenditure in other countries - US$ Mn,..
Travel - US$ Mn,..
Passenger transport - US$ Mn,..
ZIMBABWE,
Inbound tourism,
Arrivals - Thousands,"1,833"
Arrivals - Thousands,..
Tourism expenditure in the country - US$ Mn,846
Travel - US$ Mn,..
Passenger transport - US$ Mn,..
Outbound tourism,
Departures - Thousands,..
Tourism expenditure in other countries - US$ Mn,..
Travel - US$ Mn,..
Passenger transport - US$ Mn,..
